[
  {
    "user_id": "user_1",
    "name": "John",
    "surname": "Doe",
    "email": "john.doe@example.com",
    "unique_code": "abc123"
  },
  {
    "user_id": "user_2",
    "name": "Jane",
    "surname": "Smith",
    "email": "jane.smith@example.com",
    "unique_code": "def456"
  },
  {
    "user_id": "user_3",
    "name": "Alice",
    "surname": "Johnson",
    "email": "alice.johnson@example.com",
    "unique_code": "ghi789"
  },
  {
    "user_id": "user_4",
    "name": "Bob",
    "surname": "Taylor",
    "email": "bob.taylor@example.com",
    "unique_code": "jkl012"
  },
  {
    "user_id": "user_5",
    "name": "Eva",
    "surname": "Williams",
    "email": "eva.williams@example.com",
    "unique_code": "mno345"
  },
  {
    "user_id": "user_6",
    "name": "Michael",
    "surname": "Brown",
    "email": "michael.brown@example.com",
    "unique_code": "pqr678"
  },
  {
    "user_id": "user_7",
    "name": "Grace",
    "surname": "Miller",
    "email": "grace.miller@example.com",
    "unique_code": "stu901"
  },
  {
    "user_id": "user_8",
    "name": "Daniel",
    "surname": "Clark",
    "email": "daniel.clark@example.com",
    "unique_code": "vwx234"
  },
  {
    "user_id": "user_9",
    "name": "Olivia",
    "surname": "Taylor",
    "email": "olivia.taylor@example.com",
    "unique_code": "yza567"
  },
  {
    "user_id": "user_10",
    "name": "William",
    "surname": "Jones",
    "email": "william.jones@example.com",
    "unique_code": "bcd890"
  }
]
