{
    "registered_owners": [
        "relax_room_politecnico",
        "relax_room_campus",
        "relax_room_italia",
        "relax_room_sole"
    ],
    "devices": [
        {
            "owner": "relax_room_politecnico",
            "sensors": [
                {
                    "sensor_id": "sensorB1",
                    "sensor_type": [
                        "brightness"
                    ],
                    "measure": "boolean",
                    "end-points": {
                        "basetopic": "relax_room_iot",
                        "complete_topic": "relax_room_iot/relax_room_politecnico/room/brightness/sensorB1",
                        "broker": "test.mosquitto.org",
                        "port": 1883
                    },
                    "insert-timestamp": 1716650964.2499282
                },
                {
                    "sensor_id": "sensorN1",
                    "sensor_type": [
                        "noise"
                    ],
                    "measure": "boolean",
                    "end-points": {
                        "basetopic": "relax_room_iot",
                        "complete_topic": "relax_room_iot/relax_room_politecnico/room/noise/sensorN1",
                        "broker": "test.mosquitto.org",
                        "port": 1883
                    },
                    "insert-timestamp": 1716650964.2499282
                },
                {
                    "sensor_id": "aa",
                    "sensor_type": [
                        "temperature"
                    ],
                    "measure": [
                        "celsius"
                    ],
                    "end-points": {
                        "basetopic": "relax_room_iot",
                        "complete_topic": [
                            "relax_room_iot/relax_room_politecnico/temperature/aa"
                        ],
                        "broker": "test.mosquitto.org",
                        "port": 1883
                    },
                    "insert-timestamp": 1725561612.5341039
                },
                {
                    "sensor_id": "temp1",
                    "sensor_type": [
                        "temperature"
                    ],
                    "measure": [
                        "celsius"
                    ],
                    "end-points": {
                        "basetopic": "relax_room_iot",
                        "complete_topic": [
                            "resource//relax_room_politecnico/temperature/temp1"
                        ],
                        "broker": "test.mosquitto.org",
                        "port": 1883
                    },
                    "insert-timestamp": 1725563281.6712697
                },
                {
                    "sensor_id": "sss1",
                    "sensor_type": [
                        "temperature"
                    ],
                    "measure": [
                        "celsius"
                    ],
                    "end-points": {
                        "basetopic": "relax_room_iot",
                        "complete_topic": [
                            "/resource/relax_room_politecnico/temperature/sss1"
                        ],
                        "broker": "test.mosquitto.org",
                        "port": 1883
                    },
                    "insert-timestamp": 1725651409.9834697
                },
                {
                    "sensor_id": "a",
                    "sensor_type": [
                        "temperature"
                    ],
                    "measure": [
                        "celsius"
                    ],
                    "end-points": {
                        "basetopic": "relax_room_iot",
                        "complete_topic": [
                            "/resource/relax_room_politecnico/temperature/a"
                        ],
                        "broker": "test.mosquitto.org",
                        "port": 1883
                    },
                    "insert-timestamp": 1725651831.369281
                },
                {
                    "sensor_id": "1",
                    "sensor_type": [
                        "temperature"
                    ],
                    "measure": [
                        "celsius"
                    ],
                    "end-points": {
                        "basetopic": "relax_room_iot",
                        "complete_topic": [
                            "/resource/relax_room_politecnico/temperature/1"
                        ],
                        "broker": "test.mosquitto.org",
                        "port": 1883
                    },
                    "insert-timestamp": 1725656789.817967
                },
                {
                    "sensor_id": "asd",
                    "sensor_type": [
                        "temperature"
                    ],
                    "measure": [
                        "celsius"
                    ],
                    "end-points": {
                        "basetopic": "relax_room_iot",
                        "complete_topic": [
                            "relax_room_iot/resource/relax_room_politecnico/temperature/asd"
                        ],
                        "broker": "test.mosquitto.org",
                        "port": 1883
                    },
                    "insert-timestamp": 1725656911.4760087
                },
                {
                    "sensor_id": "ssssssssss",
                    "sensor_type": [
                        "temperature"
                    ],
                    "measure": [
                        "celsius"
                    ],
                    "end-points": {
                        "basetopic": "relax_room_iot",
                        "complete_topic": [
                            "relax_room_iot/resource/relax_room_politecnico/temperature/ssssssssss"
                        ],
                        "broker": "test.mosquitto.org",
                        "port": 1883
                    },
                    "insert-timestamp": 1725657112.5333247
                },
                {
                    "sensor_id": "se",
                    "sensor_type": [
                        "humidity"
                    ],
                    "measure": [
                        "percentage"
                    ],
                    "end-points": {
                        "basetopic": "relax_room_iot",
                        "complete_topic": [
                            "relax_room_iot/resource/relax_room_politecnico/humidity/se"
                        ],
                        "broker": "test.mosquitto.org",
                        "port": 1883
                    },
                    "insert-timestamp": 1725661562.0736454
                },
                {
                    "sensor_id": "dede",
                    "sensor_type": [
                        "fiscal_code"
                    ],
                    "measure": [
                        "string"
                    ],
                    "end-points": {
                        "basetopic": "relax_room_iot",
                        "complete_topic": [
                            "relax_room_iot/resource/relax_room_politecnico/fiscal_code/dede"
                        ],
                        "broker": "test.mosquitto.org",
                        "port": 1883
                    },
                    "insert-timestamp": 1725661597.0254688
                },
                {
                    "sensor_id": "rty",
                    "sensor_type": [
                        "fiscal_code"
                    ],
                    "measure": [
                        "string"
                    ],
                    "end-points": {
                        "basetopic": "relax_room_iot",
                        "complete_topic": [
                            "relax_room_iot/resource/relax_room_politecnico/fiscal_code/rty"
                        ],
                        "broker": "test.mosquitto.org",
                        "port": 1883
                    },
                    "insert-timestamp": 1725663001.6811554
                },
                {
                    "sensor_id": "defr",
                    "sensor_type": [
                        "fiscal_code"
                    ],
                    "measure": [
                        "string"
                    ],
                    "end-points": {
                        "basetopic": "relax_room_iot",
                        "complete_topic": [
                            "relax_room_iot/resource/relax_room_politecnico/fiscal_code/defr"
                        ],
                        "broker": "test.mosquitto.org",
                        "port": 1883
                    },
                    "insert-timestamp": 1725663772.4652507
                }
            ],
            "users": [
                {
                    "user_id": "user_1",
                    "name": "Tania",
                    "surname": "Giulia",
                    "email": "aaaaa"
                },
                {
                    "user_id": "user_2",
                    "name": "Jane",
                    "surname": "Smith",
                    "email": "jane.smith@example.com"
                }
            ],
            "thingspeak": []
        },
        {
            "owner": "relax_room_campus",
            "sensors": [],
            "users": [],
            "thingspeak": []
        },
        {
            "owner": "relax_room_italia",
            "sensors": [],
            "users": [],
            "thingspeak": []
        },
        {
            "owner": "relax_room_sole",
            "sensors": [],
            "users": [],
            "thingspeak": []
        }
    ]
}