{
    "microservices": [
        {
            "name_microservice": "control_temperature",
            "broker": "test.mosquitto.org",
            "port": 1883,
            "base_topic": "/microservices",
            "subscribe_topic": "/temperature/+",
            "publish_topic_post_processing": "/post_processing/mean_value/temperature",
            "publish_topic_alert": "/post_processing/alert/temperature"
        },
        {
            "name_microservice": "control_humidity",
            "broker": "test.mosquitto.org",
            "port": 1883,
            "base_topic": "/microservices",
            "subscribe_topic": "/humidity/+",
            "publish_topic_post_processing": "/post_processing/mean_value/humidity",
            "publish_topic_alert": "/post_processing/alert/humidity"
        },
        {
            "name_microservice": "control_brightness",
            "broker": "test.mosquitto.org",
            "port": 1883,
            "base_topic": "/microservices",
            "subscribe_topic": "/#",
            "publish_topic_post_processing": "/post_processing/safe_occupancy/fiscal_code",
            "publish_topic_alert": ""
        },
        {
            "name_microservice": "control_fiscal_code",
            "broker": "test.mosquitto.org",
            "port": 1883,
            "base_topic": "/microservices",
            "subscribe_topic": "/#",
            "publish_topic_post_processing": "/post_processing/safe_occupancy/fiscal_code",
            "publish_topic_alert": "/post_processing/alert/fiscal_code"
        }
    ],
    "resource_catalogs": [
        {
            "name_resource_catalog": "resource_catalog_devices.json",
            "broker": "test.mosquitto.org",
            "broker_port": 1883,
            "base_topic": "/resource",
            "ip_address": "127.0.0.1",
            "ip_port": "8081"
        }
    ],
    "ip_address": "127.0.0.1",
    "ip_port": 8080,
    "broker_port": 1883,
    "broker": "test.mosquitto.org",
    "base_topic": "relax_room_iot"
}