{
    "registered_owners": [
        "relax_room_politecnico",
        "relax_room_campus"
    ],
    "registered_users": [
        {
            "user_ID": "user_1",
            "first_name": "Tania",
            "last_name": "Filaferro",
            "email": "tania@gmail.com",
            "phone_number": 3333445556,
            "room_authorization": [
                "relax_room_campus",
                "relax_room_politecnico"
            ]
        },
        {
            "user_ID": "user_2",
            "first_name": "Marco",
            "last_name": "Cutarelli",
            "email": "marco@gmail",
            "phone_number": 356950000,
            "room_authorization": [
                "relax_room_politecnico"
            ]
        }
    ],
    "devices": [
        {
            "device_connector_ID": "relax_room_politecnico",
            "sensors": [
                [
                    {
                        "sensor_id": "sensor_temperature_1",
                        "sensor_type": "temperature",
                        "measure": "celsius"
                    },
                    {
                        "sensor_id": "sensor_humidity_1",
                        "sensor_type": "humidity",
                        "measure": "percentage"
                    },
                    {
                        "sensor_id": "sensor_humidity_2",
                        "sensor_type": "humidity",
                        "measure": "percentage"
                    },
                    {
                        "sensor_id": "sensor_brightness_1",
                        "sensor_type": "brightness",
                        "measure": "boolean"
                    }
                ]
            ],
            "actuators": [
                {
                    "sensor_id": "actuator"
                }
            ],
            "end-points": {
                "basetopic": "relax_room_iot",
                "complete_topic": [
                    "relax_room_iot/resource/sensor_value/relax_room_politecnico/temperature/sensor_temperature_1",
                    "relax_room_iot/resource/sensor_value/relax_room_politecnico/humidity/sensor_humidity_1",
                    "relax_room_iot/resource/sensor_value/relax_room_politecnico/humidity/sensor_humidity_2",
                    "relax_room_iot/resource/sensor_value/relax_room_politecnico/brightness/sensor_brightness_1",
                    "relax_room_iot/resource/actuator/relax_room_politecnico"
                ],
                "broker": "test.mosquitto.org",
                "port": 1883
            },
            "insert-timestamp": 1726088944.477347
        },
        {
            "device_connector_ID": "relax_room_campus",
            "sensors": [
                [
                    {
                        "sensor_id": "sensor_humidity_1",
                        "sensor_type": "humidity",
                        "measure": "percentage"
                    },
                    {
                        "sensor_id": "sensor_brightness_1",
                        "sensor_type": "brightness",
                        "measure": "boolean"
                    },
                    {
                        "sensor_id": "sensor_brightness_2",
                        "sensor_type": "brightness",
                        "measure": "boolean"
                    },
                    {
                        "sensor_id": "sensor_brightness_3",
                        "sensor_type": "brightness",
                        "measure": "boolean"
                    },
                    {
                        "sensor_id": "sensor_noise_1",
                        "sensor_type": "noise",
                        "measure": "boolean"
                    }
                ]
            ],
            "actuators": [
                {
                    "sensor_id": "actuator"
                }
            ],
            "end-points": {
                "basetopic": "relax_room_iot",
                "complete_topic": [
                    "relax_room_iot/resource/sensor_value/relax_room_campus/humidity/sensor_humidity_1",
                    "relax_room_iot/resource/sensor_value/relax_room_campus/brightness/sensor_brightness_1",
                    "relax_room_iot/resource/sensor_value/relax_room_campus/brightness/sensor_brightness_2",
                    "relax_room_iot/resource/sensor_value/relax_room_campus/brightness/sensor_brightness_3",
                    "relax_room_iot/resource/sensor_value/relax_room_campus/noise/sensor_noise_1",
                    "relax_room_iot/resource/actuator/relax_room_campus"
                ],
                "broker": "test.mosquitto.org",
                "port": 1883
            },
            "insert-timestamp": 1726088975.9498408
        }
    ],
    "thingspeak": [
        {
            "device_connector_ID": "relax_room_politecnico",
            "channel_id": 2653997,
            "write_key": "20LI55ABIZ8V148K",
            "read_key": "9FLWYVNZTOUBVZ5S"
        },
        {
            "device_connector_ID": "relax_room_campus",
            "channel_id": 2653998,
            "write_key": "TTTO9JK1QHAI59EA",
            "read_key": "9FLWYVNZTOUBVZ5S"
        }
    ]
}